step,x,y,reward
0,2.548907,4.503448,0.000000
