step,x,y,reward
0,2.552415,4.352580,0.000000
